Series Name,Series Code,Country Name,Country Code,1990 [YR1990],2000 [YR2000],2007 [YR2007],2008 [YR2008],2009 [YR2009],2010 [YR2010],2011 [YR2011],2012 [YR2012],2013 [YR2013],2014 [YR2014],2015 [YR2015],2016 [YR2016]
GDP (current US$),NY.GDP.MKTP.CD,Afghanistan,AFG,..,..,9843842455.48323,10190529882.4878,12486943505.7381,15936800636.2487,17930239399.8149,20536542736.7297,20046334303.9661,20050189881.6659,19331286549.3323,..
GDP (current US$),NY.GDP.MKTP.CD,Albania,ALB,2101624962.5,3632043907.78974,10701011896.7708,12881352687.7773,12044212903.8168,11926953258.916,12890867538.5302,12319784787.2987,12781029643.5936,13219857459.1009,11398392444.316,..
GDP (current US$),NY.GDP.MKTP.CD,Algeria,DZA,62045098374.5482,54790060512.8886,134977088396.419,171000692134.748,137211039899.57,161207268840.911,200013050828.17,209047389599.67,209703529364.331,213518488688.12,166838617796.555,..
GDP (current US$),NY.GDP.MKTP.CD,American Samoa,ASM,..,..,..,..,..,..,..,..,..,..,..,..
GDP (current US$),NY.GDP.MKTP.CD,Andorra,ADO,1029048481.88051,1401695227.56587,4010990966.32904,4001201113.22689,3650083356.48791,3346516556.29139,3427022518.76564,3146151869.45908,3248924588.42273,..,..,..
GDP (current US$),NY.GDP.MKTP.CD,Angola,AGO,10033444816.0535,9129634978.33773,60448921272.2326,84178032716.0971,75492384801.3695,82470913120.7314,104115923082.737,115398371427.673,124912063308.202,126776874216.703,102626929544.805,..
GDP (current US$),NY.GDP.MKTP.CD,Antigua and Barbuda,ATG,391570370.37037,783837851.851852,1289254333.33333,1347349851.85185,1206410370.37037,1135539037.03704,1129918370.37037,1204713111.11111,1200587518.51852,1220976000,1259259259.25926,..
GDP (current US$),NY.GDP.MKTP.CD,Argentina,ARG,141352368724.031,284203750000,288833322724.044,363137495039.856,334490355492.26,425916078731.8,533200293249.748,548934618735.756,554155198994.424,529726189460.922,583168571071.407,..
GDP (current US$),NY.GDP.MKTP.CD,Armenia,ARM,2256838858.42714,1911563665.39006,9206301700.39619,11662040713.8753,8647936747.98704,9260284937.79782,10142111334.4961,10619320048.5857,11121465767.4067,11609512939.7543,10529182498.3475,..
GDP (current US$),NY.GDP.MKTP.CD,Aruba,ABW,..,1873452513.96648,2623726256.98324,2791960893.85475,2498932960.89385,2467703910.61453,2584463687.15084,..,..,..,..,..
GDP (current US$),NY.GDP.MKTP.CD,Australia,AUS,310954982685.648,414951956289.644,853053309256.497,1054557743957.03,926563834486.821,1142250506474.06,1389919156068.22,1537477830480.51,1563950959269.52,1454675479665.84,1339140527498.13,..
GDP (current US$),NY.GDP.MKTP.CD,Austria,AUT,166062376739.683,196421706283.398,386458951546.674,427611527757.434,397594276187.83,390235099337.748,429010675562.969,407451583084.239,428248420485.175,438376178526.317,376950249528.668,..
GDP (current US$),NY.GDP.MKTP.CD,Azerbaijan,AZE,8858006035.91566,5272617196.04517,33050343782.7759,48852482960.0779,44291490420.5026,52902703376.1056,65951627200.2026,68730906313.6456,73560484384.9586,75198010965.1919,53047140347.4527,..
GDP (current US$),NY.GDP.MKTP.CD,"Bahamas, The",BHS,3166000000,6327552000,8318996000,8246650000,7820420000,7909580000,7889750000,8399031000,8521997500,8617738100,8853519100,..
GDP (current US$),NY.GDP.MKTP.CD,Bahrain,BHR,4229787234.04255,9062906914.89362,21730000000,25710877659.5745,22938218085.1064,25713271276.5957,28776595744.6809,30749308510.6383,32539441489.3617,33387712765.9575,31125851063.8298,..
GDP (current US$),NY.GDP.MKTP.CD,Bangladesh,BGD,31598341233.5793,53369787318.6245,79611888213.148,91631278239.3237,102477791472.39,115279077465.226,128637938711.386,133355749482.478,149990451022.29,172885454931.453,195078665827.565,..
GDP (current US$),NY.GDP.MKTP.CD,Barbados,BRB,2012302519.52124,3121619807.97687,4546115388.40716,4595264666.36232,4601200362.60463,4446829722.72591,4358920097.55454,4332141067.26626,4371196622.64321,4352734313.10536,4385250000,..
GDP (current US$),NY.GDP.MKTP.CD,Belarus,BLR,17369598958.1159,12736856485.1068,45275747860.6442,60752177438.8895,49208656976.039,55220932613.958,59734593904.6402,63615445566.8483,73097619636.8208,76103961203.4406,54608962634.9908,..
GDP (current US$),NY.GDP.MKTP.CD,Belgium,BEL,206430841501.69,237904919845.218,471821105940.323,518625897172.99,484552792442.345,483576821192.053,526975674172.922,497884216568.867,520091780650.207,531761915064.736,455085726960.186,..
GDP (current US$),NY.GDP.MKTP.CD,Belize,BLZ,413050000,832072450,1290573396.53153,1369603993.98571,1338515647.69315,1398362215.83775,1488894464.89739,1573867323.54972,1625828111.72853,1717861729.53812,1752861127.94553,..
GDP (current US$),NY.GDP.MKTP.CD,Benin,BEN,1959965243.76269,2569186642.86999,5969535131.58016,7132787396.66547,7097198711.61023,6970240895.49888,7814081155.64988,8152554487.31321,9156748441.42175,9707432015.61441,8290986804.45245,..
GDP (current US$),NY.GDP.MKTP.CD,Bermuda,BMU,1592400000,3480219000,5895048000,6109928000,5806378000,5744414000,5550771000,5537537000,5573710000,..,..,..
GDP (current US$),NY.GDP.MKTP.CD,Bhutan,BTN,299787275.842376,439158233.199822,1196091805.02316,1258332337.28382,1264758197.96593,1585472534.10547,1820207625.80217,1823692109.61652,1798333725.83954,1958819914.95916,2057947621.19283,..
GDP (current US$),NY.GDP.MKTP.CD,Bolivia,BOL,4867582620.20708,8397912509.09679,13120159975.5451,16674357238.5781,17340028490.0285,19649692875.5683,23963096439.383,27084515195.369,30659334298.1187,32996237337.1925,32997684515.1954,..
GDP (current US$),NY.GDP.MKTP.CD,Bosnia and Herzegovina,BIH,..,5505984455.95855,15776422673.198,19101454463.7507,17600630726.6141,17163117551.4626,18628022743.4257,17207367625.8048,18154290272.2151,18523988466.7571,16191716214.6829,..
GDP (current US$),NY.GDP.MKTP.CD,Botswana,BWA,3790636664.02546,5788329609.15755,10939053367.1521,10945070447.5102,10267133183.7388,12786654369.6595,15682926890.0326,14686278713.5189,14814761247.9547,15880203580.8046,14389717321.1029,..
GDP (current US$),NY.GDP.MKTP.CD,Brazil,BRA,461951782000,655421153320.579,1397084381901.29,1695824517395.57,1667020106031.81,2208872214643.02,2614573170731.71,2460658440428.04,2465773850934.56,2417046323841.9,1774724818900.48,..
GDP (current US$),NY.GDP.MKTP.CD,British Virgin Islands,VGB,..,..,..,..,..,..,..,..,..,..,..,..
GDP (current US$),NY.GDP.MKTP.CD,Brunei Darussalam,BRN,3520551724.13793,6001153306.2645,12247694247.2298,14393099068.5859,10732366286.2643,13707370737.0737,18525319977.7407,19048495518.5659,18093829923.2737,17123125493.2912,12930394937.8137,..
GDP (current US$),NY.GDP.MKTP.CD,Bulgaria,BGR,20632090909.0909,13148099185.2305,44765733379.986,54666642734.2757,51783454183.5501,50610031135.7791,57418391041.5926,53903028252.2996,55758744571.1183,56732006512.0065,50199117547.0415,..
GDP (current US$),NY.GDP.MKTP.CD,Burkina Faso,BFA,3101301780.95067,2628920056.10098,6762399882.91926,8350808396.60563,8148059793.81443,8988623686.33791,10746062858.3563,11166654260.5289,11930742614.3262,12257141798.2204,10678201939.3595,..
GDP (current US$),NY.GDP.MKTP.CD,Burundi,BDI,1132101252.51817,870486065.883137,1356078278.18821,1611634331.64869,1739781488.7457,2026864469.36388,2355652125.85184,2472384906.99794,2714505634.52629,3093647226.8107,3097324739.82522,..
GDP (current US$),NY.GDP.MKTP.CD,Cabo Verde,CPV,306891107.262039,539227277.626411,1513934037.24782,1789332788.19218,1711816593.14186,1664310632.50555,1864823990.99337,1751887838.54178,1850952140.46767,1881496591.95896,1603239233.28178,..
GDP (current US$),NY.GDP.MKTP.CD,Cambodia,KHM,..,3654031716.26881,8639235842.18075,10351914093.1723,10401851850.6108,11242275198.9783,12829541141.0127,14038383450.186,15449630418.5486,16777820332.7059,18049954289.4229,..
GDP (current US$),NY.GDP.MKTP.CD,Cameroon,CMR,11151578050.7356,9287367235.25769,20431780377.8605,23322254113.5623,23381142146.6485,23622483983.7101,26587311527.5711,26472056037.7696,29567504655.4935,32050817632.9602,28415950981.4447,..
GDP (current US$),NY.GDP.MKTP.CD,Canada,CAN,593929550908.468,742293448252.643,1464977190205.75,1549131208997.19,1371153004986.44,1613406134731.12,1788703385548.26,1824288757447.57,1837443486716.34,1783775590895.93,1550536520141.93,..
GDP (current US$),NY.GDP.MKTP.CD,Cayman Islands,CYM,..,..,..,..,..,..,..,..,..,..,..,..
GDP (current US$),NY.GDP.MKTP.CD,Central African Republic,CAF,1440711395.67069,914500299.097034,1698125617.92304,1985370057.92473,1981728140.77833,1986014845.63184,2212699746.81377,2184183758.31567,1518565219.01061,1702898939.55483,1583776759.97697,..
GDP (current US$),NY.GDP.MKTP.CD,Chad,TCD,1738605558.05436,1385058161.76746,8638711442.7705,10351932604.4154,9253484108.49701,10657705536.4978,12156380425.0825,12368071038.7362,12949854262.8127,13922223233.5184,10888798113.7866,..
GDP (current US$),NY.GDP.MKTP.CD,Channel Islands,CHI,..,6439703434.71024,11514605842.3369,..,..,..,..,..,..,..,..,..
GDP (current US$),NY.GDP.MKTP.CD,Chile,CHL,31558927517.2188,79328640263.7676,173081277147.793,179626674542.406,171956955710.33,217538271334.673,250832362674.151,265231582123.55,277078709134.903,258733363811.966,240796388428.74,..
GDP (current US$),NY.GDP.MKTP.CD,China,CHN,360858508604.206,1211346395438.73,3552182714426.55,4598205419718.8,5109954035775.98,6100620356557.32,7572554360442.62,8560546868811.69,9607224248684.59,10482371325324.7,11007720594138.9,..
GDP (current US$),NY.GDP.MKTP.CD,Colombia,COL,40274204595.2296,99886577330.7271,207416494642.379,243982437870.84,233821670544.258,287018184637.529,335415156702.186,369659700375.52,380191881860.372,378416020533.715,292080155633.31,..
GDP (current US$),NY.GDP.MKTP.CD,Comoros,COM,250030760.754786,203846427.738737,462453582.873627,523134896.968654,524157261.014644,530493353.218937,586281766.75997,570865941.229393,618663921.771194,647720707.13635,565689764.52408,..
GDP (current US$),NY.GDP.MKTP.CD,"Congo, Dem. Rep.",ZAR,..,19088046305.7971,16364029327.3456,19206060270.2521,18262773820.8055,20523285374.187,23849009737.6669,27463220380.0054,30014813755.772,32782281736.251,35237742278.1147,..
GDP (current US$),NY.GDP.MKTP.CD,"Congo, Rep.",COG,2798746050.58236,3219910666.03357,8394688284.06224,11859014004.0772,9593536531.23778,12007880590.4575,14425607224.168,13677930123.5919,14085852120.4761,14177437627.2969,8553154505.83585,..
GDP (current US$),NY.GDP.MKTP.CD,Costa Rica,CRI,7403457319.20472,14949514585.1585,26743874286.8514,30612932802.8991,30562361151.812,37268635328.7341,42262697853.6349,46473128236.8416,49639737973.791,50167623289.763,54136834090.867,..
GDP (current US$),NY.GDP.MKTP.CD,Cote d'Ivoire,CIV,10795850106.9547,10717022462.6859,20343635319.6174,24224903099.6283,24277493862.0625,24884505034.5564,25381616734.0693,27040562587.1771,31264187110.3554,34217693110.4569,31759248867.8039,..
GDP (current US$),NY.GDP.MKTP.CD,Croatia,HRV,..,21774273832.1031,60093155532.7678,70481451814.3118,62703095750.5257,59680624422.3702,62249565358.9878,56485301967.4205,57770884728.6496,57136241867.0192,48732003674.38,..
GDP (current US$),NY.GDP.MKTP.CD,Cuba,CUB,28645436550.5319,30565200000,58603500000,60806300000,62078600000,64328200000,68990140000,73139050000,77149700000,..,..,..
GDP (current US$),NY.GDP.MKTP.CD,Curacao,CUW,..,..,..,..,..,..,..,..,..,..,..,..
GDP (current US$),NY.GDP.MKTP.CD,Cyprus,CYP,5591130217.66965,10183317624.8822,24077470572.1325,27839460963.8201,25942622950.8197,25562251655.6291,27427161523.4918,25012206090.1966,24054965480.616,23308212816.7706,19559942331.1523,..
GDP (current US$),NY.GDP.MKTP.CD,Czech Republic,CZE,40315845396.3126,61474265134.5364,188818155388.125,235204812643.146,205729790694.015,207015860050.371,227948564356.715,207376427020.815,209402444996.104,207818330723.835,185156359571.116,..
GDP (current US$),NY.GDP.MKTP.CD,Denmark,DNK,138094873105.387,164158800460.219,319500339842.387,352591553716.09,319762353336.194,319810991980.939,341498686832.939,325012162409.979,338927058604.182,346119472127.525,295091333721.319,..
GDP (current US$),NY.GDP.MKTP.CD,Djibouti,DJI,452328087.282876,551230861.856506,847918929.107984,999105339.267729,1049110684.72493,1128611700.3618,1239144501.77525,1353632941.5207,1455000000,1588000000,1727000000,..
GDP (current US$),NY.GDP.MKTP.CD,Dominica,DMA,166322222.222222,335845814.814815,421375851.851852,458190185.185185,489074333.333333,493824407.407407,500988407.407407,485905592.592593,508447148.148148,528178703.703704,517218962.962963,..
GDP (current US$),NY.GDP.MKTP.CD,Dominican Republic,DOM,7073674721.12418,23996063503.0497,44169678153.1566,48288967303.4896,48376555305.6902,53954579003.5277,57746684847.0898,60613645121.3529,61965942056.6828,65231032303.2418,68102618092.1031,..
GDP (current US$),NY.GDP.MKTP.CD,Ecuador,ECU,15239278100.3502,18327764882.4412,51007777000,61762635000,62519686000,69555367000,79276664000,87924544000,95129659000,102292260000,100176808000,..
GDP (current US$),NY.GDP.MKTP.CD,"Egypt, Arab Rep.",EGY,43130416913.4141,99838543960.0763,130478960092.499,162818181818.182,188982374700.805,218888324504.753,236001858960.015,276353323880.224,286011230726.274,301498960051.639,330778550716.746,..
GDP (current US$),NY.GDP.MKTP.CD,El Salvador,SLV,4800900000,13134100000,20104900000,21431000000,20661000000,21418300000,23139000000,23813600000,24350900000,25054200000,25850200000,..
GDP (current US$),NY.GDP.MKTP.CD,Equatorial Guinea,GNQ,112119406.548331,1045998496.43872,13071718758.7373,19749893536.3204,15027795173.2187,16298542027.9965,21329395900.871,22389627294.4179,21942597765.3631,21461989483.1265,12202323684.1015,..
GDP (current US$),NY.GDP.MKTP.CD,Eritrea,ERI,..,706370815.584416,1317974491.05691,1380188800,1856695551.21951,2117039512.19512,2607739837.39837,..,..,..,..,..
GDP (current US$),NY.GDP.MKTP.CD,Estonia,EST,..,5685773518.84272,22237065425.6775,24194038377.0324,19652486801.8894,19492092715.2318,23168793438.9769,23043861554.8714,25081191938.2942,26213936937.2806,22459443273.8161,..
GDP (current US$),NY.GDP.MKTP.CD,Ethiopia,ETH,12175166763.285,8242392103.68061,19707616772.7996,27066912635.2228,32437389116.038,29933790334.3418,31952763089.33,43310721414.0829,47648211133.2183,55612228233.5179,61539711686.6936,..
GDP (current US$),NY.GDP.MKTP.CD,Faroe Islands,FRO,..,1062339943.83343,2278229533.05096,2413237402.14803,2257097731.55019,2301178416.00619,2468748767.9772,2356505419.09755,2613458942.48139,..,..,..
GDP (current US$),NY.GDP.MKTP.CD,Fiji,FJI,1337024782.22702,1684109743.49338,3405050611.68726,3523185919.55826,2870624635.68032,3140508835.9485,3774530588.88398,3972012545.85528,4190143229.08891,4469810123.71644,4425503074.70408,..
GDP (current US$),NY.GDP.MKTP.CD,Finland,FIN,141517648888.198,125539893126.958,255384615384.615,283742493042.332,251499027507.641,247814569536.424,273657214345.288,256706466091.089,269980111642.898,272463347978.069,231949650659.865,..
GDP (current US$),NY.GDP.MKTP.CD,France,FRA,1275300566196.84,1368438363736.87,2663112510265.54,2923465651091.26,2693827452070.02,2646994701986.75,2862502085070.89,2681416108537.39,2808511203185.39,2839162443235.14,2418835532882.33,..
GDP (current US$),NY.GDP.MKTP.CD,French Polynesia,PYF,3181206304.81549,3447543137.9415,..,..,..,..,..,..,..,..,..,..
GDP (current US$),NY.GDP.MKTP.CD,Gabon,GAB,5952293765.84484,5067865320.7979,12438956756.4455,15508574820.3516,12065138272.7538,14358584300.3006,18186478119.9582,17171447372.3334,17590716232.4913,18179717776.1597,14262032470.8493,..
GDP (current US$),NY.GDP.MKTP.CD,"Gambia, The",GMB,317083373.524559,782915402.421095,798870894.208271,965769128.170004,900639747.939529,952429030.415536,904256643.415984,912569686.7859,903779326.206421,849122624.781348,938794719.358588,..
GDP (current US$),NY.GDP.MKTP.CD,Georgia,GEO,7753501867.76095,3057453482.55826,10172869679.7366,12795044472.7663,10766809099.0721,11638536890.5347,14434619982.2117,15846474595.773,16140047072.2616,16509305827.7171,13965385801.7891,..
GDP (current US$),NY.GDP.MKTP.CD,Germany,DEU,1764967948916.6,1949953934033.54,3439953462907.2,3752365607148.09,3418005001389.27,3417298013245.03,3757464553794.83,3543983909148.01,3752513503278.41,3879276587198.91,3363446822668.29,..
GDP (current US$),NY.GDP.MKTP.CD,Ghana,GHA,5889174833.90034,4983024408.14828,24758819717.7074,28526891010.4925,25977847813.7422,32174772955.9748,39566292432.8615,41939728978.7281,47805069494.9082,38616536131.648,37543361203.5609,..
GDP (current US$),NY.GDP.MKTP.CD,Gibraltar,GIB,..,..,..,..,..,..,..,..,..,..,..,..
GDP (current US$),NY.GDP.MKTP.CD,Greece,GRC,97891090928.6328,130133845771.144,318497936901.177,354460802548.704,330000252153.376,299379400264.901,287779921184.32,245670666639.047,239862011450.103,236079774688.445,194851319174.892,..
GDP (current US$),NY.GDP.MKTP.CD,Greenland,GRL,1018977225.44427,1068024993.98697,2039990870.18161,2301745558.05339,2314737666.79517,2287220565.1596,2503747856.84595,2356004770.79887,2419043094.32119,2441226080.03611,..,..
GDP (current US$),NY.GDP.MKTP.CD,Grenada,GRD,221070370.37037,520044370.37037,758518518.518518,825925925.925926,771278111.111111,771015888.888889,778648666.666667,799882148.148148,842571333.333333,911481481.481481,984074074.074074,..
GDP (current US$),NY.GDP.MKTP.CD,Guam,GUM,..,..,..,..,..,..,..,..,..,..,..,..
GDP (current US$),NY.GDP.MKTP.CD,Guatemala,GTM,7650125217.35253,19288926545.3759,34113102014.6358,39137157753.2425,37733852002.6442,41338340406.3129,47654704787.0678,50388418158.5954,53851075503.9906,58722087391.6801,63794152886.0397,..
GDP (current US$),NY.GDP.MKTP.CD,Guinea,GIN,2666616176.91609,2995360969.16199,4134173275.1244,4515824647.43939,4609923756.18485,4735956493.06479,5067360009.39197,5667229758.9878,6231725484.55943,6624068015.50039,6699203543.29047,..
GDP (current US$),NY.GDP.MKTP.CD,Guinea-Bissau,GNB,243961995.509711,370173851.946119,695606313.878293,864136798.741659,825828719.797396,846332419.519942,1105497821.87289,995581992.41106,1026664110.62589,1109007405.7031,1056776883.4727,..
GDP (current US$),NY.GDP.MKTP.CD,Guyana,GUY,396582263.291139,712667896.727512,1740334781.83731,1922598121.23066,2025565089.48272,2259288396.24467,2576602497.33479,2851154075.95385,2990006533.77749,3077086275.94585,3166029055.69007,..
GDP (current US$),NY.GDP.MKTP.CD,Haiti,HTI,..,3953839593.78427,5885321655.91684,6548531998.42373,6584642675.34367,6622540159.47531,7516829496.06138,7890215895.68701,8452517482.5105,8791599111.2376,8765329889.9646,..
GDP (current US$),NY.GDP.MKTP.CD,Honduras,HND,3048881322.9572,7103529494.37412,12275493958.7834,13789727209.7723,14486137413.5468,15729644901.1305,17588097149.7619,18400538970.1119,18372173610.6685,19380958759.0497,20420967148.9362,..
GDP (current US$),NY.GDP.MKTP.CD,"Hong Kong SAR, China",HKG,76928290841.8701,171668164082.555,211597405593.868,219279678430.164,214046415026.187,228637697575.04,248513617677.287,262629441493.476,275658844765.343,291228511368.179,309234500374.107,..
GDP (current US$),NY.GDP.MKTP.CD,Hungary,HUN,..,47209471853.3471,139198195460.551,157290970540.917,129965360575.699,130258247571.415,140091591852.976,127321135030.078,134680475647.645,139294565100.565,121715203207.647,..
GDP (current US$),NY.GDP.MKTP.CD,Iceland,ISL,6521544489.20626,8924735422.81469,21293841230.1928,17530651669.9091,12855269883.7902,13236887873.0516,14665358676.7166,14194519025.2641,15376604281.4504,17036097481.8066,16598494830.9142,..
GDP (current US$),NY.GDP.MKTP.CD,India,IND,326608014285.316,476609148165.173,1201071960529.75,1186913419021.34,1323896417147.06,1656562168648.57,1822989507290.05,1828985283085,1863208343557.81,2042438591343.98,2095398349095.54,..
GDP (current US$),NY.GDP.MKTP.CD,Indonesia,IDN,106140724972.15,165021012077.81,432216737774.861,510228634992.258,539580085612.401,755094160363.071,892969107923.094,917869910105.749,912524136718.018,890487074595.966,861933968740.332,..
GDP (current US$),NY.GDP.MKTP.CD,"Iran, Islamic Rep.",IRN,124813263926.374,109591707802.216,337474485087.271,397189565318.895,398978104575.331,467790215915.476,592037800186.865,587209369682.67,511620875086.78,425326068422.881,..,..
GDP (current US$),NY.GDP.MKTP.CD,Iraq,IRQ,179885815374.719,..,88840050497.0957,131613661510.475,111660855042.735,138516722649.573,185749664444.444,218000986222.639,234648370497.427,228730703259.005,180068537409.153,..
GDP (current US$),NY.GDP.MKTP.CD,Ireland,IRL,49354420997.7856,99855065966.464,270043016151.109,274919025487.037,235765973325.924,221356661986.755,240575769113.15,225819184920.64,239271162515.74,256271350218.827,283703217034.49,..
GDP (current US$),NY.GDP.MKTP.CD,Isle of Man,IMY,..,1563667799.61578,5685988395.35814,5827468750,5047909331.6716,5420118974.04203,6066454093.89521,6433357030.0158,6754330154.76004,7428280401.5139,..,..
GDP (current US$),NY.GDP.MKTP.CD,Israel,ISR,52490327348.4773,132396684080.151,179564275455.807,216760312151.616,208068814688.605,233754747258.625,261374751963.332,257641795689.722,293314777888.557,308769389865.564,299415714726.768,..
GDP (current US$),NY.GDP.MKTP.CD,Italy,ITA,1177326298642.53,1141760021927.4,2203053327128.39,2390729210487.77,2185160158794.11,2125184794172.19,2276150874756.74,2072823111961.1,2130491269673.44,2149814265578.42,1821496964400.58,..
GDP (current US$),NY.GDP.MKTP.CD,Jamaica,JAM,4592224067.37194,8929375580.31569,12824094989.8639,13678551837.6303,12038998756.9217,13192229343.0991,14440457548.68,14802430172.5391,14276559215.7309,13897561173.4853,14262190323.0222,..
GDP (current US$),NY.GDP.MKTP.CD,Japan,JPN,3103698099973.41,4887519660744.86,4515264514430.57,5037908465114.48,5231382674593.7,5700096491337.99,6157461124963.98,6203213121334.12,5155717056270.83,4848733415523.53,4383076298081.86,..
GDP (current US$),NY.GDP.MKTP.CD,Jordan,JOR,4160003917.43258,8457923836.38928,17110609732.0169,21971835282.5137,23818322957.7465,26425379436.6197,28840263380.2817,30937277605.6338,33593843661.9718,35826925774.6479,37517410281.6901,..
GDP (current US$),NY.GDP.MKTP.CD,Kazakhstan,KAZ,26932728898.8146,18291990619.137,104849886825.584,133441612246.798,115308661142.927,148047348240.643,192626507971.584,207998568865.789,236634552078.102,221415572819.5,184388432148.715,..
GDP (current US$),NY.GDP.MKTP.CD,Kenya,KEN,8572359162.86876,12705357103.0056,31958195182.2406,35895153327.8497,37021512048.8158,39999659233.7555,41953433591.4101,50410164013.5527,55100780396.387,61395415492.333,63398041540.367,..
GDP (current US$),NY.GDP.MKTP.CD,Kiribati,KIR,39809538.6776989,67254174.3970315,130754915.906619,139125482.301627,130465372.016846,153275912.676573,177142135.121196,188045661.627666,187153601.08129,186066973.138634,160121929.231463,..
GDP (current US$),NY.GDP.MKTP.CD,"Korea, Dem. People’s Rep.",PRK,..,..,..,..,..,..,..,..,..,..,..,..
GDP (current US$),NY.GDP.MKTP.CD,"Korea, Rep.",KOR,284757121057.986,561633037419.537,1122679154632.41,1002219052967.54,901934953364.711,1094499338702.72,1202463682633.85,1222807195712.49,1305604981271.91,1411333926201.24,1377873107856.33,..
GDP (current US$),NY.GDP.MKTP.CD,Kosovo,KSV,..,1849196082.05507,4833561456.33726,5687488208.58356,5653792720.20006,5829933774.83444,6692521545.73255,6500321212.89991,7073021773.76527,7384901154.30543,6400687590.10758,..
GDP (current US$),NY.GDP.MKTP.CD,Kuwait,KWT,18427777777.7778,37711864406.7797,114641097818.438,147395833333.333,105899930507.297,115419050942.08,154027536231.884,174070025008.932,174161495063.47,162631763879.129,114041209704.221,..
GDP (current US$),NY.GDP.MKTP.CD,Kyrgyz Republic,KGZ,2674000000,1369693171.43504,3802566170.81543,5139957784.91084,4690062255.12247,4794357795.07139,6197766118.59856,6605139933.41063,7335027591.91628,7468096566.71158,6571853849.00585,..
GDP (current US$),NY.GDP.MKTP.CD,Lao PDR,LAO,865559856.1639,1731198022.45494,4222962987.53859,5443915120.50795,5832915387.08908,7127792629.58294,8261299199.6817,9356251339.55418,11189431000.0811,11739027120.5835,12369080042.8375,..
GDP (current US$),NY.GDP.MKTP.CD,Latvia,LVA,..,7937758980.30127,30901399261.387,35596016664.2304,26169854045.0375,23765078166.4017,28420287436.9041,28072066041.3722,30256430184.6685,31322649595.3297,27002832427.6367,..
GDP (current US$),NY.GDP.MKTP.CD,Lebanon,LBN,2838485353.96187,17260364842.4544,24577114427.8607,28829850746.2687,35139635157.5456,38009950248.7562,40078938640.1327,43205095854.063,44352417910.4478,45730945273.6318,47084703150.9121,..
GDP (current US$),NY.GDP.MKTP.CD,Lesotho,LSO,596415106.633185,887295262.184165,1825385552.2422,1875881172.42008,1870006879.27367,2392147273.25836,2795705636.58808,2666218870.25386,2499410956.14577,2538831766.20046,2278037785.7279,..
GDP (current US$),NY.GDP.MKTP.CD,Liberia,LBR,384400000,529064600,739027200,850040500,1155147400,1292697100,1545400000,1735500000,1946500000,2013000000,2053000000,..
GDP (current US$),NY.GDP.MKTP.CD,Libya,LBY,28901836158.1921,38270206950.41,67516236337.7158,87140405361.2292,63028320702.0343,74773444900.5368,34699395523.6073,..,..,..,..,..
GDP (current US$),NY.GDP.MKTP.CD,Liechtenstein,LIE,1421466239.56234,2483953102.79488,4601299566.81106,5081432924.0144,4504549214.22663,5082366478.08994,5739977477.47748,5456009384.66461,6391735893.83968,6663501418.90417,..,..
GDP (current US$),NY.GDP.MKTP.CD,Lithuania,LTU,..,11539211480.3625,39738180076.6283,47850551148.8365,37440673477.8982,37132564255.4319,43505562065.1266,42852204396.452,46412093986.4596,48353937110.2561,41170728956.4157,..
GDP (current US$),NY.GDP.MKTP.CD,Luxembourg,LUX,13192045509.4157,21080997788.8336,50323159047.3583,55144865973.3411,50386496248.958,52351655629.1391,58697386711.1482,55986712367.7993,61794506555.5051,64873963098.4868,57793612066.0974,..
GDP (current US$),NY.GDP.MKTP.CD,"Macao SAR, China",MAC,2990177409.30059,6101794938.88536,18340472131.3107,20917457388.3119,21475520709.3922,28123640998.7253,36709847596.7175,43028648668.9445,51548871615.7861,55522993326.7394,46177532874.139,..
GDP (current US$),NY.GDP.MKTP.CD,"Macedonia, FYR",MKD,4471828621.90813,3772851420.24763,8336478142.08872,9909548410.82744,9401731495.71661,9407168702.4313,10494632699.3859,9745251126.0109,10817712138.9451,11318966946.687,10086021261.4631,..
GDP (current US$),NY.GDP.MKTP.CD,Madagascar,MDG,3081479800.28735,3877673539.09084,7342923489.09616,9413002920.97008,8550363974.79243,8729936135.74487,9892702357.56691,9919780071.30832,10601690871.7448,10673516672.6843,9738652322.17322,..
GDP (current US$),NY.GDP.MKTP.CD,Malawi,MWI,1880784191.81484,1743506287.41519,4431477378.40652,5321114432.10931,6195345174.19622,6957454879.05414,7983556694.87491,5980586767.40693,5432169047.56631,6055252536.08965,6403820949.24856,..
GDP (current US$),NY.GDP.MKTP.CD,Malaysia,MYS,44024178343.0071,93789736842.1053,193547824063.3,230813597937.526,202257586267.556,255016609232.871,297951960784.314,314442825692.826,323276841537.339,338068990803.263,296283190372.552,..
GDP (current US$),NY.GDP.MKTP.CD,Maldives,MDV,215089005.235602,624337145.284622,1745998937.5,2109960937.5,2149257812.5,2323401757.8125,2449576516.91549,2518312129.02218,2795147949.78753,3094197810.2,3435244658.76626,..
GDP (current US$),NY.GDP.MKTP.CD,Mali,MLI,2681912030.49384,2954129565.82965,8145694631.88354,9750822511.47988,10181021770.4326,10678749467.4697,12978107560.5982,12442747897.2223,12813248724.7996,14004067516.3577,12746688961.7795,..
GDP (current US$),NY.GDP.MKTP.CD,Malta,MLT,2547163582.33149,4306192435.82207,7880509170.54476,8977149553.24447,8528202278.41067,8741059602.64901,9556435918.82124,9262238211.48657,10184944237.9182,10737561363.9379,9746478873.23944,..
GDP (current US$),NY.GDP.MKTP.CD,Marshall Islands,MHL,78476000,110937700,150851598.261375,152901112.689513,152631201.425631,164751292.561566,172674883.357224,185055791.83406,190991954.906072,183114102.293044,179432573.764399,..
GDP (current US$),NY.GDP.MKTP.CD,Mauritania,MRT,1019600770.6038,1293654175.2102,3356757497.1208,4031047704.39864,3662281667.94663,4337791530.87884,5166340390.52554,5231255478.38986,5645739651.53638,5442297174.11121,..,..
GDP (current US$),NY.GDP.MKTP.CD,Mauritius,MUS,2653480001.34558,4582555124.64952,8150138757.15741,9990370016.30771,9128843109.15588,10003670690.3497,11518393367.2403,11668685524.1265,12129642296.4425,12803445933.5894,11681761261.0428,..
GDP (current US$),NY.GDP.MKTP.CD,Mexico,MEX,262709776007.964,683647965226.955,1043471321169.09,1101275278668.79,894948748436.748,1051128603513.77,1171187519660.64,1186598324461.82,1261981728468.52,1298175699755.5,1143793184190.1,..
GDP (current US$),NY.GDP.MKTP.CD,"Micronesia, Fed. Sts.",FSM,147200000,233226300,255890800,261339600,277510900,294117200,310287500,325835200,315725600,318072000,314971100,..
GDP (current US$),NY.GDP.MKTP.CD,Moldova,MDA,..,1288429150.51394,4401154128.12297,6054806100.8468,5439422031.39627,5811604051.96737,7015206498.21955,7284686576.2835,7985349731.46471,7983271110.60446,6568288861.76807,..
GDP (current US$),NY.GDP.MKTP.CD,Monaco,MCO,2481316053.85316,2647883820.18625,5974371695.95045,6919241412.09365,5557245122.31576,5350674803.33858,6074884388.58937,..,..,..,..,..
GDP (current US$),NY.GDP.MKTP.CD,Mongolia,MNG,2560785660,1136896123.61298,4234999823.30839,5623216448.86851,4583850367.88972,7189481853.13241,10409797610.331,12292770631.23,12582122604.1768,12226514746.1452,11741338841.1132,..
GDP (current US$),NY.GDP.MKTP.CD,Montenegro,MNE,..,984279598.325251,3668656246.57834,4519930566.74528,4141152200.489,4138972769.65459,4538450845.19573,4087777049.68585,4464498911.25392,4587740464.37265,3987061627.51107,..
GDP (current US$),NY.GDP.MKTP.CD,Morocco,MAR,30180108561.9305,38857251336.3448,79041539006.1399,92507257783.5697,92897320375.8176,93216746661.5977,101370474295.109,98266306615.3632,106825649872.108,109881398474.953,100593283696.732,..
GDP (current US$),NY.GDP.MKTP.CD,Mozambique,MOZ,2512109516.61781,5016469068.50898,9366742309.49331,11494837053.4061,10911698208.1015,10154238250.1818,13131168011.807,14534278446.3087,16018848990.669,16961127045.8266,14807075727.4667,..
GDP (current US$),NY.GDP.MKTP.CD,Myanmar,MMR,..,8905066163.58643,20182477480.5512,31862554101.9378,36906181380.8127,49540813342.4834,59977326085.9908,59731122170.0865,60132854536.7832,65574726566.3779,62600906116.0987,..
GDP (current US$),NY.GDP.MKTP.CD,Namibia,NAM,2804379662.19611,3908661517.62299,8740865600.24981,8486721916.9128,8876191120.76189,11282192605.0374,12409629835.6998,13016272898.9038,12713366873.4658,12853963142.8124,11491507355.6498,..
GDP (current US$),NY.GDP.MKTP.CD,Nauru,NRU,..,..,20433291.5364309,39332420.4020347,44289899.6862987,49248823.5898978,72749377.1994046,103811945.189664,108601547.06617,117023941.759151,100457157.645312,..
GDP (current US$),NY.GDP.MKTP.CD,Nepal,NPL,3627562402.66027,5494252207.90502,10325618017.379,12545438605.3959,12854985464.0764,16002656434.4746,18850169891.6665,19206631648.9713,19393541020.2195,19811974851.5518,21194888047.8339,..
GDP (current US$),NY.GDP.MKTP.CD,Netherlands,NLD,314267667675.178,412807259996.315,839419655078.018,936228211513.11,857932759099.75,836439735099.338,893701695857.659,828946812396.788,866680000367.264,879635084124.987,750283908173.45,..
GDP (current US$),NY.GDP.MKTP.CD,New Caledonia,NCL,2529310103.83608,2682347064.3642,..,..,..,..,..,..,..,..,..,..
GDP (current US$),NY.GDP.MKTP.CD,New Zealand,NZL,45495727006.5141,52623281956.7031,137314617476.299,133278976593.801,121337372727.841,146584522265.456,168462632327.382,176617424296.729,190690896703.83,200142409766.821,173754075210.516,..
GDP (current US$),NY.GDP.MKTP.CD,Nicaragua,NIC,1009455476.05583,5107329007.0922,7458103361.63737,8491388728.5018,8380731879.74635,8741313140.24883,9755619760.14614,10438842115.6263,10874735110.8237,11790221756.2778,12692562187.4933,..
GDP (current US$),NY.GDP.MKTP.CD,Niger,NER,2480673304.74309,1798374468.36362,4291363390.91295,5403363917.3096,5397121856.35204,5718589799.24366,6409169889.50891,6942209594.55433,7667951987.6933,8245312136.56544,7142951342.4223,..
GDP (current US$),NY.GDP.MKTP.CD,Nigeria,NGA,30757075595.3681,46385996028.9482,166451213395.64,208064753766.47,169481317540.364,369062464570.387,411743801711.642,460953836444.364,514966287206.505,568498939784.021,481066152870.266,..
GDP (current US$),NY.GDP.MKTP.CD,Northern Mariana Islands,MNP,..,..,..,..,..,..,..,..,..,..,..,..
GDP (current US$),NY.GDP.MKTP.CD,Norway,NOR,119791683307.507,171315639982.731,400883873279.083,461946808510.638,386383919342.271,428524701366.599,498157406416.158,509704856037.817,522746212765.957,498339751388.521,386578443732.562,..
GDP (current US$),NY.GDP.MKTP.CD,Oman,OMN,11685045513.6541,19507412223.6671,42085305591.6775,60905331599.4798,48388296488.9467,58641352405.7217,67937581274.3823,76689206762.0286,78938881664.4993,81035110533.16,69830949284.7854,..
GDP (current US$),NY.GDP.MKTP.CD,Pakistan,PAK,40010424928.715,73952374969.7995,152385716311.916,170077814106.305,168152775283.032,177406854514.885,213587413183.996,224383620829.57,231218567178.979,244360888750.807,271049886672.733,..
GDP (current US$),NY.GDP.MKTP.CD,Palau,PLW,76888000,149300000,196000000,198100000,186400000,183800000,199900000,214200000,228700000,250900000,287400000,..
GDP (current US$),NY.GDP.MKTP.CD,Panama,PAN,6433967048.89355,12304114980.2874,20958000000,24522200000,26593500000,28917200000,34373820484.9739,39954761232.6898,44856189494.1064,49165773079.2072,52132289747.1731,..
GDP (current US$),NY.GDP.MKTP.CD,Papua New Guinea,PNG,3219730365,3521348154.79666,6340673793.54534,8000074071.33069,8105331929.8755,9716103408.96554,12873049346.2674,15391629871.3765,15413163674.9224,16928680397.4185,..,..
GDP (current US$),NY.GDP.MKTP.CD,Paraguay,PRY,5695201563.42495,8195993230.74275,13794910633.8518,18504130752.9922,15929902138.1363,20030528042.9171,25099681460.8943,24595319573.7548,28965906502.2306,30881166852.3116,27093938619.3333,..
GDP (current US$),NY.GDP.MKTP.CD,Peru,PER,26410386669.3609,51744749133.213,102170981144.136,120550599815.441,120822986521.479,147492391535.14,171724325697.898,192605185353.65,201150658576.291,201021342537.156,189111139010.075,..
GDP (current US$),NY.GDP.MKTP.CD,Philippines,PHL,44311593755.7845,81026297144.2795,149359920005.894,174195135053.121,168334599538.168,199590774784.581,224143083706.777,250092093547.532,271836123723.678,284834199296.32,292451392606.609,..
GDP (current US$),NY.GDP.MKTP.CD,Poland,POL,65977748210.5263,171885598582.637,429249647594.607,533815789473.684,439796160379.475,479321128909.23,528828473066.019,500344281382.345,524214789307.993,545158979236.012,477066454436.928,..
GDP (current US$),NY.GDP.MKTP.CD,Portugal,PRT,78721607509.4923,118358489957.619,240169336162.059,262007590449.685,243745748819.116,238317631788.079,244879869335.557,216368178659.447,226073492966.495,230116915167.055,198923264943.995,..
GDP (current US$),NY.GDP.MKTP.CD,Puerto Rico,PRI,30603919000,61701810000,89524131617.1909,93639316000,96385638000,98381268000,100351670000,101080738000,103134778000,..,..,..
GDP (current US$),NY.GDP.MKTP.CD,Qatar,QAT,7360439423.07692,17759890109.8901,79712087912.0879,115270054945.055,97798351648.3516,125122306346.154,167775274725.275,186833516483.516,198727747252.747,206224725274.725,164641483516.484,..
GDP (current US$),NY.GDP.MKTP.CD,Romania,ROM,38995454545.4545,37438527799.5302,171536685395.563,208181626900.631,167422949529.4,167998080493.408,185362855081.021,171664638717.49,191549024910.604,199493490982.921,177954489851.961,..
GDP (current US$),NY.GDP.MKTP.CD,Russian Federation,RUS,516814258695.568,259708496267.33,1299705247685.76,1660844408499.61,1222643696991.85,1524916112078.87,2034007406354.34,2154067053237.85,2231826797008.17,2052806729652.36,1331207745853.38,..
GDP (current US$),NY.GDP.MKTP.CD,Rwanda,RWA,2550185618.14774,1734938264.47371,3775447705.93559,4796573531.21622,5308990459.47843,5698548987.88591,6406727230.17325,7219657132.21544,7522006198.23208,7912161659.7618,8095980013.73418,..
GDP (current US$),NY.GDP.MKTP.CD,Samoa,WSM,125766269.755358,269019710.327456,570469196.667431,619260721.579306,584706020.213857,656789149.595525,762098381.877023,804209309.427213,795753602.492535,800418989.621751,761037916.35753,..
GDP (current US$),NY.GDP.MKTP.CD,San Marino,SMR,..,773907642.414748,1687567364.11695,1899879955.48332,..,..,..,..,..,..,..,..
GDP (current US$),NY.GDP.MKTP.CD,Sao Tome and Principe,STP,..,..,145827429.572302,188021168.8418,187821029.030558,197454053.144483,233213522.647122,252560557.085219,302925489.682557,348463457.917933,317696178.686716,..
GDP (current US$),NY.GDP.MKTP.CD,Saudi Arabia,SAU,116778104138.852,188441866666.667,415964509673.115,519796800000,429097866666.667,526811466666.667,669506666666.667,733955733333.333,744335733333.333,753831733333.333,646001866666.667,..
GDP (current US$),NY.GDP.MKTP.CD,Senegal,SEN,5716644272.04692,4679604753.55711,11284603070.5653,13375825205.0612,12771709949.8651,12914130614.1816,14352023940.2661,14194124595.9323,14806481145.049,15284658818.4015,13609989582.0353,..
GDP (current US$),NY.GDP.MKTP.CD,Serbia,SRB,..,6540247190.33529,40289556656.1455,49259526052.7426,42616653299.9115,39460357730.5224,46466728666.6103,40742313861.1374,45519650911.4138,44210806365.6817,37160332465.1645,..
GDP (current US$),NY.GDP.MKTP.CD,Seychelles,SYC,368584758.942457,614879764.780006,1033561654.0568,967199593.960157,847397850.094417,969936525.298729,1065826669.89742,1134267367.19206,1411061260.70839,1422530791.5588,1437722206.38754,..
GDP (current US$),NY.GDP.MKTP.CD,Sierra Leone,SLE,649644826.800447,635874002.198748,2158496872.85796,2505458705.03338,2489985963.16808,2616610911.07222,2942546781.04663,3801862611.3614,4920343194.99503,5015157815.728,4214779784.51914,..
GDP (current US$),NY.GDP.MKTP.CD,Singapore,SGP,36152027893.1446,95833932714.6172,179981288567.447,192225881687.752,192408387762.118,236421782178.218,275221020830.021,289268624469.873,300288499960.042,306344408491.832,292739307535.642,..
GDP (current US$),NY.GDP.MKTP.CD,Sint Maarten (Dutch part),SXM,..,..,..,..,..,..,..,..,..,..,..,..
GDP (current US$),NY.GDP.MKTP.CD,Slovak Republic,SVK,12694544692.7374,29114875621.8905,86304245825.349,100324627215.468,88945625173.6593,89506341721.8543,98175152905.1988,93413992955.8972,98478349315.3252,100760596988.198,87263622047.2441,..
GDP (current US$),NY.GDP.MKTP.CD,Slovenia,SVN,..,20342201356.0052,48114688201.4782,55589849128.4605,50244793831.6199,48016465430.4636,51287601751.4595,46258247574.7506,47688566993.1107,49530147015.8794,42774769768.2156,..
GDP (current US$),NY.GDP.MKTP.CD,Solomon Islands,SLB,302515026.890225,435103853.485036,516074228.959749,608293860.271816,597765363.128492,671585343.170686,886498370.696086,1025125081.57494,1059695156.18795,1156563122.85602,1129164718.81436,..
GDP (current US$),NY.GDP.MKTP.CD,Somalia,SOM,..,..,..,..,..,..,..,..,5352000000,5647000000,5925000000,..
GDP (current US$),NY.GDP.MKTP.CD,South Africa,ZAF,112014836393.151,136361791002.623,299415359539.558,286769850239.675,295936471258.128,375349396273.835,416418862155.872,396342265529.842,367593603380.597,351304928727.413,314571945857.401,..
GDP (current US$),NY.GDP.MKTP.CD,South Sudan,SSD,..,..,..,15550136278.8696,12231362022.6859,15727363443.0995,17826697892.2717,10368813559.322,13257635694.9153,13282084033.8983,9015221096.24474,..
GDP (current US$),NY.GDP.MKTP.CD,Spain,ESP,535101248775.71,595402616546.895,1479341637010.68,1634989014208.29,1499074742984.16,1431672847682.12,1487924659438.42,1339946773437.24,1369261671179,1381342101735.68,1199057336142.84,..
GDP (current US$),NY.GDP.MKTP.CD,Sri Lanka,LKA,8032551173.24014,16330814179.9766,32350248410.8216,40713812309.7316,42066217871.5349,56725745039.336,65292741296.5382,68434399083.41,74317806754.5267,80025305461.5834,82316172384.325,..
GDP (current US$),NY.GDP.MKTP.CD,St. Kitts and Nevis,KNA,208740444.444444,420086753.420087,674008481.481481,738942555.555555,723209111.111111,705015370.37037,753225962.962963,734462666.666667,788163888.888889,847778185.185185,876478555.555555,..
GDP (current US$),NY.GDP.MKTP.CD,St. Lucia,LCA,397192592.592593,780895370.37037,1150526259.25926,1187075814.81481,1180949888.88889,1241892814.81481,1280623888.88889,1298815407.40741,1318052185.18519,1386188629.62963,1431135703.7037,..
GDP (current US$),NY.GDP.MKTP.CD,St. Martin (French part),MAF,..,..,..,..,..,..,..,..,..,..,..,..
GDP (current US$),NY.GDP.MKTP.CD,St. Vincent and the Grenadines,VCT,240365259.259259,396270000,678322629.62963,695428851.851852,674922481.481482,681225962.962963,676129407.407407,692933740.740741,721207148.148148,727912814.814815,737683555.555555,..
GDP (current US$),NY.GDP.MKTP.CD,Sudan,SDN,12408647540.9836,12257418326.0734,45898948564.0593,54526580231.5568,53150209167.934,65634109236.7736,67327289319.733,68125631150.2939,72065940085.772,82151588418.8325,97156119150,..
GDP (current US$),NY.GDP.MKTP.CD,Suriname,SUR,388300000,892164393.939394,2936612021.85792,3532969034.60838,3875409836.06557,4368398047.64333,4422276621.78703,4980000000,5130909090.90909,5210303030.30303,5150291216.67106,..
GDP (current US$),NY.GDP.MKTP.CD,Swaziland,SWZ,1114703088.1614,1705063301.53607,3362443069.23666,3240596584.03138,3575304672.1031,4526397202.64438,4959993196.6231,4868463069.42753,4610962392.93223,4492552857.81418,4118488059.31546,..
GDP (current US$),NY.GDP.MKTP.CD,Sweden,SWE,258154283908.9,259802012617.057,487816328342.309,513965650650.119,429657033107.737,488379327089.837,563113421113.421,543880647757.404,578742001487.571,573817719109.402,495623697305.492,..
GDP (current US$),NY.GDP.MKTP.CD,Switzerland,CHE,257420293190.325,271659728209.379,477407802315.895,551546962699.658,539528229942.101,581211708792.789,696311671959.459,665054050620.785,684835034384.327,702705544908.583,670789928809.882,..
GDP (current US$),NY.GDP.MKTP.CD,Syrian Arab Republic,SYR,12308624283.9787,19325894913.1254,40405006007.2086,..,..,..,..,..,..,..,..,..
GDP (current US$),NY.GDP.MKTP.CD,Tajikistan,TJK,..,860550305.832491,3719497371.09659,5161336170.46084,4979481980.35098,5642178579.58438,6522732202.50748,7633049792.09321,8506674782.75471,9236309138.04277,7853450374.0001,..
GDP (current US$),NY.GDP.MKTP.CD,Tanzania,TZA,4258742898.93795,10185786382.8283,21501741757.484,27368386358.131,28573777052.4542,31407908612.0943,33878631649.4157,39087748240.4403,44333456244.744,48197218326.7942,45628247290.4618,..
GDP (current US$),NY.GDP.MKTP.CD,Thailand,THA,85343063965.9182,126392308497.749,262942650543.771,291383081231.82,281574762729.76,340923571200.889,370608559050.496,397290682074.825,419888628523.075,404320038916.496,395168025882.03,..
GDP (current US$),NY.GDP.MKTP.CD,Timor-Leste,TMP,..,368000000,559000000,694000000,827000000,943000000,1148000000,1293000000,1312000000,1399000000,1441718600,..
GDP (current US$),NY.GDP.MKTP.CD,Togo,TGO,1628427515.41881,1294250233.18894,2523462557.38975,3163416242.05877,3163000528.8167,3172945644.5585,3756023159.96,3866617462.61854,4080929201.27925,4482880424.33988,4087903912.67555,..
GDP (current US$),NY.GDP.MKTP.CD,Tonga,TON,113563821.577404,202363492.160332,300143056.873221,349459648.569023,318151987.342379,369435481.362435,423015937.994651,472441382.972447,449387934.017765,443475142.084644,435142408.969348,..
GDP (current US$),NY.GDP.MKTP.CD,Trinidad and Tobago,TTO,5068000000,8154338232.95978,21642304045.512,27870257894.2347,19175196445.7936,22157948396.2042,25433011405.3017,25694164489.2373,26436221401.2976,26175906133.4665,23559287483.9276,..
GDP (current US$),NY.GDP.MKTP.CD,Tunisia,TUN,12290568181.8182,21473188881.5933,38908069299.204,44856586316.0458,43454935940.1614,44050929160.2627,45810626509.4474,45044176963.9542,46255554871.6686,47603227896.5659,43015089722.6754,..
GDP (current US$),NY.GDP.MKTP.CD,Turkey,TUR,150676291094.21,266567532789.507,647139816980.49,730325337118.723,614569781800.821,731144536446.484,774775356126.167,788862935211.869,823256641370.335,798781754066.919,717879788566.76,..
GDP (current US$),NY.GDP.MKTP.CD,Turkmenistan,TKM,3189539641.3171,2904662604.82053,12664165103.1895,19271523178.8079,20214385964.9123,22583157894.7368,29233333333.3333,35164210526.3158,39197543859.6491,43513684210.5263,35854571428.5714,..
GDP (current US$),NY.GDP.MKTP.CD,Turks and Caicos Islands,TCA,..,..,..,..,..,..,..,..,..,..,..,..
GDP (current US$),NY.GDP.MKTP.CD,Tuvalu,TUV,8824447.74022325,13742057.0500928,27030374.0272781,30290219.7617849,27101076.2751521,31823518.6204366,39312016.5033522,39875750.6730172,38322359.5288666,37259689.9224806,32673277.7402149,..
GDP (current US$),NY.GDP.MKTP.CD,Uganda,UGA,4304398865.88268,6193246837.09687,12292813603.2327,14239026629.639,18160711201.0079,20186498788.8153,20471099197.0034,23506194155.2319,24992173594.2485,27760811822.5182,27529249701.1469,..
GDP (current US$),NY.GDP.MKTP.CD,Ukraine,UKR,..,31261718319.1794,142719009900.99,179992405832.321,117227769791.56,136013155905.036,163159671670.265,175781379051.433,183310146378.081,133503411375.739,90615023323.7353,..
GDP (current US$),NY.GDP.MKTP.CD,United Arab Emirates,ARE,50701443748.2975,104337372362.151,257916133424.098,315474615738.598,253547358747.447,286049336038.121,348526072157.931,373431994554.118,388598502382.573,401958066712.049,370296255956.433,..
GDP (current US$),NY.GDP.MKTP.CD,United Kingdom,GBR,1093169389204.55,1635441065214.1,3063005202080.83,2875463235294.12,2367127278392.27,2429602904820.77,2608995353308.76,2646002634059.62,2719509472492.7,2998833559195.71,2858003087965.69,..
GDP (current US$),NY.GDP.MKTP.CD,United States,USA,5979589000000,10284779000000,14477635000000,14718582000000,14418739000000,14964372000000,15517926000000,16155255000000,16691517000000,17393103000000,18036648000000,..
GDP (current US$),NY.GDP.MKTP.CD,Uruguay,URY,9298680632.74904,22823255801.8447,23410572634.3147,30366213119.2928,31660911277.0294,40284682479.8596,47962439303.7247,51265399744.9558,57531233350.9101,57235766825.403,53442697568.7227,..
GDP (current US$),NY.GDP.MKTP.CD,Uzbekistan,UZB,13360607990.6751,13760374487.51,22311393927.8817,29549438883.8338,33689223673.2577,39332770928.9426,45915191189.3237,51821573338.1312,57690453460.6205,62643953021.7594,66732736498.1951,..
GDP (current US$),NY.GDP.MKTP.CD,Vanuatu,VUT,158397403.041175,272014693.050806,526428309.945088,607958616.143415,610066628.693058,700804286.224354,792149700.679116,781702874.106058,801787555.861121,814954306.971033,742432131.041002,..
GDP (current US$),NY.GDP.MKTP.CD,"Venezuela, RB",VEN,47028010660.9808,117140723529.412,230364012575.687,315600203539.823,329418979506.288,393801459277.332,316482190800.364,381286237847.667,371336634589.947,..,..,..
GDP (current US$),NY.GDP.MKTP.CD,Vietnam,VNM,6471740490.99897,33640085738.648,77414425532.2452,99130304099.1274,106014601171.036,115931749697.241,135539487317.008,155820001920.492,171222025117.381,186204652922.262,193599379094.859,..
GDP (current US$),NY.GDP.MKTP.CD,Virgin Islands (U.S.),VIR,1564700032,..,..,..,..,..,..,..,..,..,..,..
GDP (current US$),NY.GDP.MKTP.CD,West Bank and Gaza,WBG,..,4313600004.90521,5505800004.86843,6673500000,7268200000,8913100000,10459845726.257,11279400010.3737,12476000000,12715599988.8203,12677399994.8544,..
GDP (current US$),NY.GDP.MKTP.CD,"Yemen, Rep.",YEM,5647251908.39695,9636342274.82408,21656517484.2538,26910851361.7555,25130274124.2524,30906749533.221,32726417878.391,35401339869.3055,40415233436.1767,43228583935.0365,37733919936.2465,..
GDP (current US$),NY.GDP.MKTP.CD,Zambia,ZMB,3285217391.30435,3600683039.73254,14056957976.2648,17910858637.9048,15328342303.9575,20265556273.582,23460098339.7453,25503370699.2015,28045460442.1876,27150646859.9662,21154394545.895,..
GDP (current US$),NY.GDP.MKTP.CD,Zimbabwe,ZWE,8783816700,6689957600,5291950100,4415702800,8157077400,9422161300,10956226600,12392715500,13490227100,14196912500,14419185900,..
,,,,,,,,,,,,,,,
,,,,,,,,,,,,,,,
,,,,,,,,,,,,,,,
Data from database: World Development Indicators,,,,,,,,,,,,,,,
Last Updated: 02/01/2017,,,,,,,,,,,,,,,
